City_ID,City,Lat,Lng,Max Temp,Humidity,Cloudiness,Wind Speed,Country,Date,Current Description
0,Longyearbyen,78.2186,15.6401,17.78,95,100,9.13,SJ,2022-02-08 04:53:04,light snow
1,Severo-Kurilsk,50.6789,156.125,32.63,83,60,10.27,RU,2022-02-08 04:56:49,light snow
2,Pevek,69.7008,170.3133,-28.35,98,27,2.28,RU,2022-02-08 05:02:34,scattered clouds
3,Atuona,-9.8,-139.0333,78.26,76,11,15.39,PF,2022-02-08 05:02:35,light rain
4,Nikolskoye,59.7035,30.7861,31.91,99,96,3.47,RU,2022-02-08 05:02:35,overcast clouds
5,Lebyazhye,55.2689,66.4947,8.19,96,76,6.8,RU,2022-02-08 05:02:35,broken clouds
6,Atherton,53.5237,-2.4935,52.9,83,51,8.01,GB,2022-02-08 05:02:36,broken clouds
7,Port Elizabeth,-33.918,25.5701,62.89,94,75,4.61,ZA,2022-02-08 05:00:29,mist
8,Marawi,7.9986,124.2928,72.64,64,97,6.62,PH,2022-02-08 04:55:36,overcast clouds
9,Lata,40.1629,-8.3327,44.04,66,0,5.17,PT,2022-02-08 05:02:36,clear sky
10,Kaitangata,-46.2817,169.8464,58.93,79,1,6.85,NZ,2022-02-08 05:02:37,clear sky
11,Mindelo,16.8901,-24.9804,63.95,88,20,6.91,CV,2022-02-08 05:02:37,few clouds
12,Mataura,-46.1927,168.8643,59.49,43,0,2.46,NZ,2022-02-08 05:02:37,clear sky
13,Asau,46.4333,26.4,35.96,61,100,9.06,RO,2022-02-08 05:02:38,overcast clouds
14,Sao Filipe,14.8961,-24.4956,71.1,76,2,2.24,CV,2022-02-08 05:02:38,clear sky
15,Paita,-5.0892,-81.1144,72.07,77,100,7.65,PE,2022-02-08 05:02:38,overcast clouds
16,Paamiut,61.994,-49.6678,-0.51,94,100,12.55,GL,2022-02-08 05:02:39,light snow
17,Padang,-0.9492,100.3543,86.05,65,97,5.35,ID,2022-02-08 04:55:32,overcast clouds
18,Qaanaaq,77.484,-69.3632,-11.54,68,100,4.7,GL,2022-02-08 05:02:39,overcast clouds
19,Hobart,-42.8794,147.3294,80.02,53,75,12.66,AU,2022-02-08 05:02:31,broken clouds
20,Blagoyevo,63.3667,47.9167,12.47,96,100,4.45,RU,2022-02-08 05:02:39,overcast clouds
21,Faya,18.3851,42.4509,46.51,64,8,3.24,SA,2022-02-08 04:53:00,clear sky
22,New Norfolk,-42.7826,147.0587,79.66,36,73,3.0,AU,2022-02-08 05:02:40,broken clouds
23,Port Blair,11.6667,92.75,82.44,74,40,13.8,IN,2022-02-08 05:02:40,scattered clouds
24,Albany,42.6001,-73.9662,35.15,93,100,3.42,US,2022-02-08 05:02:40,overcast clouds
25,Punta Arenas,-53.15,-70.9167,51.12,71,100,16.87,CL,2022-02-08 05:02:41,overcast clouds
26,Iquitos,-3.7481,-73.2472,71.19,100,100,1.52,PE,2022-02-08 05:02:41,light rain
27,East London,-33.0153,27.9116,70.74,94,0,6.91,ZA,2022-02-08 04:58:06,clear sky
28,Bambous Virieux,-20.3428,57.7575,82.65,78,75,12.66,MU,2022-02-08 05:02:41,broken clouds
29,Busselton,-33.65,115.3333,72.09,69,91,9.48,AU,2022-02-08 05:02:42,overcast clouds
30,Tiksi,71.6872,128.8694,-24.88,99,47,5.44,RU,2022-02-08 05:02:42,scattered clouds
31,Pangnirtung,66.1451,-65.7125,-18.13,92,100,5.73,CA,2022-02-08 05:02:42,overcast clouds
32,Sinnamary,5.3833,-52.95,76.48,87,100,9.37,GF,2022-02-08 05:02:43,overcast clouds
33,Mar Del Plata,-38.0023,-57.5575,63.88,77,40,0.0,AR,2022-02-08 04:58:45,scattered clouds
34,Nanortalik,60.1432,-45.2371,10.2,68,76,54.6,GL,2022-02-08 04:53:02,broken clouds
35,Portland,45.5234,-122.6762,49.21,91,100,3.0,US,2022-02-08 05:02:07,overcast clouds
36,Kapaa,22.0752,-159.319,75.18,78,24,1.01,US,2022-02-08 05:02:43,light rain
37,Bredasdorp,-34.5322,20.0403,65.28,93,17,1.25,ZA,2022-02-08 05:02:44,few clouds
38,Rikitea,-23.1203,-134.9692,78.91,75,99,14.97,PF,2022-02-08 05:02:44,overcast clouds
39,Areosa,41.7178,-8.8571,54.25,59,1,5.93,PT,2022-02-08 05:02:44,clear sky
40,Ponta Do Sol,32.6667,-17.1,62.71,62,5,7.0,PT,2022-02-08 04:52:50,clear sky
41,Alofi,-19.0595,-169.9187,78.49,72,100,11.56,NU,2022-02-08 05:01:02,light rain
42,Port Hedland,-20.3167,118.5667,84.25,79,99,10.36,AU,2022-02-08 04:55:41,overcast clouds
43,Srednekolymsk,67.45,153.6833,-35.63,97,64,4.21,RU,2022-02-08 04:53:05,broken clouds
44,Tabou,4.423,-7.3528,77.74,88,90,6.64,CI,2022-02-08 04:56:48,light rain
45,Portachuelo,-17.35,-63.4,67.24,77,10,3.6,BO,2022-02-08 05:02:45,clear sky
46,Peniche,39.3558,-9.3811,52.74,58,0,11.41,PT,2022-02-08 05:02:45,clear sky
47,Provideniya,64.3833,-173.3,-9.29,64,0,8.95,RU,2022-02-08 05:02:45,clear sky
48,Kalaleh,37.3807,55.4916,45.28,45,4,3.76,IR,2022-02-08 05:03:46,clear sky
49,Vaini,-21.2,-175.2,78.37,86,100,18.88,TO,2022-02-08 05:03:46,moderate rain
50,Upernavik,72.7868,-56.1549,-12.66,94,100,14.18,GL,2022-02-08 05:03:47,overcast clouds
51,Pouebo,-20.4,164.5667,82.87,79,100,12.12,NC,2022-02-08 05:03:47,light rain
52,Murgab,37.4966,61.9714,45.27,53,73,1.9,TM,2022-02-08 05:03:48,broken clouds
53,Ribeira Grande,38.5167,-28.7,59.77,72,99,7.23,PT,2022-02-08 04:54:22,overcast clouds
54,Southampton,50.904,-1.4043,52.05,88,100,8.01,GB,2022-02-08 05:02:29,overcast clouds
55,Brae,60.3964,-1.353,42.71,69,99,31.18,GB,2022-02-08 05:03:49,overcast clouds
56,Bang Sai,14.2124,100.4966,96.01,38,80,0.2,TH,2022-02-08 05:03:49,broken clouds
57,Kahului,20.8947,-156.47,73.85,85,40,7.0,US,2022-02-08 05:01:09,scattered clouds
58,Butaritari,3.0707,172.7902,82.67,76,97,18.21,KI,2022-02-08 05:03:50,light rain
59,Kourou,5.1552,-52.6478,80.11,91,100,5.82,GF,2022-02-08 05:03:51,overcast clouds
60,Port Alfred,-33.5906,26.891,74.28,74,28,3.33,ZA,2022-02-08 05:03:51,scattered clouds
61,Jamestown,42.097,-79.2353,26.51,95,99,5.41,US,2022-02-08 04:59:19,overcast clouds
62,Havoysund,70.9963,24.6622,31.08,80,55,13.11,NO,2022-02-08 05:03:52,broken clouds
63,Marsaxlokk,35.8419,14.5431,57.07,87,20,17.27,MT,2022-02-08 05:03:52,few clouds
64,Cape Town,-33.9258,18.4232,65.08,90,37,1.01,ZA,2022-02-08 05:01:39,scattered clouds
65,Iqaluit,63.7506,-68.5145,-5.31,63,100,8.99,CA,2022-02-08 05:00:17,overcast clouds
66,Cidreira,-30.1811,-50.2056,66.0,81,1,7.85,BR,2022-02-08 05:03:53,clear sky
67,Hasaki,35.7333,140.8333,46.62,95,100,15.95,JP,2022-02-08 05:03:53,overcast clouds
68,Yellowknife,62.456,-114.3525,-5.58,92,100,13.09,CA,2022-02-08 05:01:26,overcast clouds
69,Souillac,-20.5167,57.5167,80.98,83,75,11.5,MU,2022-02-08 04:54:20,broken clouds
70,Saskylakh,71.9167,114.0833,-7.78,88,98,10.29,RU,2022-02-08 05:03:54,overcast clouds
71,Ushuaia,-54.8,-68.3,56.12,97,100,4.76,AR,2022-02-08 05:03:31,light rain
72,Arraial Do Cabo,-22.9661,-42.0278,74.39,94,100,13.2,BR,2022-02-08 05:03:55,overcast clouds
73,Komsomolskiy,40.4272,71.7189,40.35,87,100,2.3,UZ,2022-02-08 05:03:55,mist
74,Avarua,-21.2078,-159.775,78.85,83,95,10.36,CK,2022-02-08 05:03:56,overcast clouds
75,Ubata,-14.2139,-39.5228,69.71,99,89,0.74,BR,2022-02-08 05:03:56,overcast clouds
76,Ardon,43.17,44.29,28.53,53,44,2.15,RU,2022-02-08 05:03:56,scattered clouds
77,Barrow,71.2906,-156.7887,-34.92,99,23,7.05,US,2022-02-08 04:54:12,few clouds
78,Nome,64.5011,-165.4064,-20.67,87,7,11.81,US,2022-02-08 04:54:18,clear sky
79,San Cristobal,7.7669,-72.225,66.16,79,88,1.36,VE,2022-02-08 05:02:18,overcast clouds
80,Galle,6.0367,80.217,82.92,67,88,4.99,LK,2022-02-08 05:03:57,overcast clouds
81,Port-Gentil,-0.7193,8.7815,80.28,81,83,9.13,GA,2022-02-08 05:03:58,broken clouds
82,Lebu,-37.6167,-73.65,59.81,84,87,14.34,CL,2022-02-08 05:01:50,overcast clouds
83,Chokurdakh,70.6333,147.9167,-43.85,100,95,4.83,RU,2022-02-08 05:03:58,overcast clouds
84,Kondoa,-4.9,35.7833,63.0,87,100,0.78,TZ,2022-02-08 05:03:59,overcast clouds
85,Usinsk,65.9939,57.5281,7.07,85,100,9.93,RU,2022-02-08 05:03:59,overcast clouds
86,Teya,60.3778,92.6267,-3.98,89,88,3.83,RU,2022-02-08 05:04:00,overcast clouds
87,Lompoc,34.6391,-120.4579,63.12,80,0,3.44,US,2022-02-08 05:04:00,clear sky
88,Carlsbad,33.1581,-117.3506,67.05,28,0,3.0,US,2022-02-08 04:59:48,clear sky
89,Conceicao Do Araguaia,-8.2578,-49.2647,72.55,98,96,3.36,BR,2022-02-08 05:04:01,overcast clouds
90,Mehamn,71.0357,27.8492,25.14,89,74,14.03,NO,2022-02-08 05:03:10,broken clouds
91,Acarau,-2.8856,-40.12,77.13,85,4,6.44,BR,2022-02-08 05:01:32,clear sky
92,Aykhal,66.0,111.5,-19.93,99,96,6.91,RU,2022-02-08 04:58:04,overcast clouds
93,Chulman,56.8479,124.9104,-1.52,93,98,1.36,RU,2022-02-08 05:05:02,overcast clouds
94,Hermanus,-34.4187,19.2345,65.8,87,1,3.18,ZA,2022-02-08 05:04:45,clear sky
95,Pontianak,-0.0333,109.3333,85.98,66,40,4.61,ID,2022-02-08 05:05:03,scattered clouds
96,Tuktoyaktuk,69.4541,-133.0374,-34.13,100,100,6.8,CA,2022-02-08 05:05:04,overcast clouds
97,Parangan,5.0839,119.9383,82.11,71,74,5.73,PH,2022-02-08 05:05:04,moderate rain
98,San Patricio,28.017,-97.5169,55.26,59,17,6.51,US,2022-02-08 04:55:33,few clouds
99,Bluff,-46.6,168.3333,59.81,78,12,15.64,NZ,2022-02-08 05:05:05,few clouds
100,Ca Mau,9.1769,105.15,92.98,43,79,13.62,VN,2022-02-08 05:05:05,broken clouds
101,Singapore,1.2897,103.8501,85.86,74,75,5.75,SG,2022-02-08 05:02:43,broken clouds
102,Muskegon,43.3,-86.1334,25.9,72,100,8.05,US,2022-02-08 05:05:06,overcast clouds
103,Touros,-5.1989,-35.4608,76.1,75,42,9.13,BR,2022-02-08 05:05:06,scattered clouds
104,Kamien Pomorski,53.9685,14.7726,40.5,86,69,18.25,PL,2022-02-08 05:05:07,broken clouds
105,Ouadda,8.0777,22.4007,59.29,18,32,5.99,CF,2022-02-08 05:05:07,scattered clouds
106,Puerto Del Rosario,28.5004,-13.8627,67.68,59,100,2.3,ES,2022-02-08 05:00:32,overcast clouds
107,Omboue,-1.5746,9.2618,77.47,87,77,5.48,GA,2022-02-08 05:05:08,broken clouds
108,Shitanjing,39.2342,106.3439,22.28,55,60,5.03,CN,2022-02-08 05:05:08,broken clouds
109,Schertz,29.5522,-98.2697,47.03,68,0,6.91,US,2022-02-08 05:05:09,clear sky
110,Codrington,-38.2667,141.9667,88.23,19,48,8.59,AU,2022-02-08 05:05:09,scattered clouds
111,Trairi,-3.2778,-39.2689,76.87,84,9,6.17,BR,2022-02-08 05:05:10,clear sky
112,Mangrol,21.1167,70.1167,71.62,63,1,6.69,IN,2022-02-08 05:05:10,clear sky
113,Ohara,35.25,140.3833,44.89,96,100,11.3,JP,2022-02-08 05:05:11,overcast clouds
114,Matay,28.419,30.7792,50.95,47,0,1.83,EG,2022-02-08 05:05:11,clear sky
115,Cockburn Town,21.4612,-71.1419,77.05,79,0,17.4,TC,2022-02-08 05:03:37,clear sky
116,Alexandria,31.2156,29.9553,54.77,50,64,9.8,EG,2022-02-08 05:03:38,broken clouds
117,Koutsouras,35.0339,25.9469,60.12,75,14,24.9,GR,2022-02-08 05:05:12,few clouds
118,College,64.8569,-147.8028,-1.88,70,75,5.75,US,2022-02-08 05:05:13,broken clouds
119,Narsaq,60.9167,-46.05,-7.98,73,83,11.81,GL,2022-02-08 05:01:05,broken clouds
120,Hithadhoo,-0.6,73.0833,82.99,68,95,15.19,MV,2022-02-08 05:00:16,overcast clouds
121,Hofn,64.2539,-15.2082,29.73,61,100,40.51,IS,2022-02-08 05:03:11,overcast clouds
122,Cayenne,4.9333,-52.3333,80.1,84,75,6.91,GF,2022-02-08 05:02:14,broken clouds
123,Quatre Cocos,-20.2078,57.7625,82.51,74,100,12.88,MU,2022-02-08 05:05:14,overcast clouds
124,Kodiak,57.79,-152.4072,36.91,93,100,3.44,US,2022-02-08 05:05:14,mist
125,High Level,58.5169,-117.136,6.91,85,75,13.8,CA,2022-02-08 05:05:04,light snow
126,Barinas,8.6226,-70.2075,76.93,62,93,3.49,VE,2022-02-08 05:05:15,overcast clouds
127,Ihosy,-22.4,46.1167,70.56,90,100,11.72,MG,2022-02-08 05:05:15,overcast clouds
128,Valdivia,-39.8142,-73.2459,55.24,81,100,1.7,CL,2022-02-08 05:01:00,overcast clouds
129,Kavieng,-2.5744,150.7967,85.01,68,59,7.11,PG,2022-02-08 05:05:16,broken clouds
130,Faanui,-16.4833,-151.75,81.48,78,100,19.98,PF,2022-02-08 05:05:16,overcast clouds
131,Kruisfontein,-34.0033,24.7314,70.9,48,1,1.72,ZA,2022-02-08 04:55:35,clear sky
132,Tres Lagoas,-20.7511,-51.6783,68.5,67,87,5.86,BR,2022-02-08 05:05:17,overcast clouds
133,Dingle,10.9995,122.6711,85.68,63,69,13.49,PH,2022-02-08 04:59:22,broken clouds
134,Adre,13.4667,22.2,54.63,21,0,11.88,TD,2022-02-08 05:05:18,clear sky
135,Geraldton,-28.7667,114.6,82.81,32,0,17.27,AU,2022-02-08 05:05:18,clear sky
136,Puerto Ayora,-0.7393,-90.3518,72.25,85,11,4.9,EC,2022-02-08 05:04:39,few clouds
137,Havelock,34.8791,-76.9013,43.03,95,100,5.01,US,2022-02-08 04:59:21,overcast clouds
138,Kulu,39.0951,33.0799,31.73,96,91,7.67,TR,2022-02-08 05:06:19,overcast clouds
139,Los Mochis,25.7667,-108.9667,59.07,80,0,10.74,MX,2022-02-08 05:06:19,clear sky
140,Vila Franca Do Campo,37.7167,-25.4333,59.2,77,100,6.8,PT,2022-02-08 05:06:20,overcast clouds
141,Port Keats,-14.25,129.55,88.52,67,89,7.7,AU,2022-02-08 05:06:20,overcast clouds
142,Meulaboh,4.1363,96.1285,85.41,60,98,3.53,ID,2022-02-08 05:02:12,overcast clouds
143,Papara,-3.9839,-38.7273,79.68,90,23,1.72,BR,2022-02-08 05:06:21,few clouds
144,Galich,58.3797,42.3475,26.49,96,100,9.19,RU,2022-02-08 05:06:22,snow
145,Mitsamiouli,-11.3847,43.2844,82.69,78,75,9.22,KM,2022-02-08 04:56:48,moderate rain
146,Carutapera,-1.195,-46.02,75.7,91,31,3.22,BR,2022-02-08 05:02:16,scattered clouds
147,Carnarvon,-24.8667,113.6333,86.05,36,0,17.63,AU,2022-02-08 05:06:23,clear sky
148,Rio Claro,-22.4114,-47.5614,61.81,95,99,3.89,BR,2022-02-08 05:06:23,overcast clouds
149,Warri,5.5167,5.75,74.57,91,14,2.21,NG,2022-02-08 05:06:23,few clouds
150,Grindavik,63.8424,-22.4338,28.87,93,100,46.04,IS,2022-02-08 05:06:24,light shower snow
151,Saldanha,-33.0117,17.9442,63.19,96,64,6.87,ZA,2022-02-08 05:06:24,broken clouds
152,Bucerias,20.75,-105.3333,65.61,86,0,5.06,MX,2022-02-08 04:58:05,clear sky
153,Beringovskiy,63.05,179.3167,-19.84,91,5,11.52,RU,2022-02-08 05:06:25,clear sky
154,Vila Velha,-20.3297,-40.2925,78.75,89,40,8.05,BR,2022-02-08 05:05:52,scattered clouds
155,Lerwick,60.1545,-1.1494,42.8,73,97,30.67,GB,2022-02-08 05:06:25,overcast clouds
156,Bosaso,11.2842,49.1816,75.25,69,1,3.47,SO,2022-02-08 05:03:22,clear sky
157,Bethel,41.3712,-73.414,37.26,93,100,4.7,US,2022-02-08 05:06:26,snow
158,Vostok,46.4856,135.8833,11.25,84,100,8.28,RU,2022-02-08 04:58:09,overcast clouds
159,Flin Flon,54.7682,-101.865,28.24,98,100,6.11,CA,2022-02-08 04:59:28,light snow
160,Aklavik,68.2191,-135.0107,-35.57,94,100,4.99,CA,2022-02-08 04:59:27,overcast clouds
161,Kunming,25.0389,102.7183,60.51,27,0,17.6,CN,2022-02-08 05:02:06,clear sky
162,Teeli,51.0333,90.2333,8.06,75,100,1.48,RU,2022-02-08 05:06:27,overcast clouds
163,Prince Rupert,54.3161,-130.3201,41.09,87,100,18.41,CA,2022-02-08 05:06:27,mist
164,Mount Gambier,-37.8333,140.7667,89.65,17,67,8.5,AU,2022-02-08 05:06:28,broken clouds
165,Inhambane,-23.865,35.3833,76.98,80,29,11.41,MZ,2022-02-08 05:06:28,scattered clouds
166,Qaqortoq,60.7167,-46.0333,1.96,53,69,34.61,GL,2022-02-08 05:06:28,broken clouds
167,Mahalapye,-23.1041,26.8142,67.5,66,3,9.26,BW,2022-02-08 05:06:29,clear sky
168,Elliot Lake,46.3834,-82.6331,10.49,96,98,4.45,CA,2022-02-08 05:06:29,overcast clouds
169,Esperance,-33.8667,121.9,69.62,54,42,14.58,AU,2022-02-08 05:06:30,scattered clouds
170,Bengkulu,-3.8004,102.2655,84.27,67,87,10.25,ID,2022-02-08 05:06:30,overcast clouds
171,Cabo San Lucas,22.8909,-109.9124,63.61,55,0,1.48,MX,2022-02-08 05:05:14,clear sky
172,Vila,42.0304,-8.1588,39.33,70,6,4.36,PT,2022-02-08 05:06:31,clear sky
173,Khromtau,50.2503,58.4347,16.75,95,100,7.58,KZ,2022-02-08 05:06:31,light snow
174,Valparaiso,-33.0393,-71.6273,64.47,79,20,3.44,CL,2022-02-08 05:06:31,few clouds
175,Castro,-24.7911,-50.0119,61.11,96,28,7.07,BR,2022-02-08 05:01:48,scattered clouds
176,Thinadhoo,0.5333,72.9333,82.62,68,94,13.73,MV,2022-02-08 04:59:23,overcast clouds
177,Tasiilaq,65.6145,-37.6368,23.16,77,100,7.45,GL,2022-02-08 05:03:11,light snow
178,Port Hardy,50.6996,-127.4199,44.76,90,97,4.34,CA,2022-02-08 05:00:31,overcast clouds
179,Findlay,41.0442,-83.6499,24.22,86,100,11.5,US,2022-02-08 05:04:13,haze
180,Carthage,36.8611,10.3316,54.93,76,40,6.91,TN,2022-02-08 05:05:44,scattered clouds
181,Boundiali,9.5217,-6.4869,68.97,22,7,3.04,CI,2022-02-08 05:06:33,clear sky
182,Oriximina,-1.7656,-55.8661,72.64,98,98,2.28,BR,2022-02-08 05:07:34,moderate rain
183,Biak,-0.9131,122.8766,81.48,74,84,3.06,ID,2022-02-08 05:05:55,broken clouds
184,Qasigiannguit,68.8193,-51.1922,-0.15,93,100,9.37,GL,2022-02-08 05:07:34,overcast clouds
185,Praia Da Vitoria,38.7333,-27.0667,57.76,86,100,4.27,PT,2022-02-08 05:01:04,overcast clouds
186,Tura,25.5198,90.2201,67.98,44,0,3.91,IN,2022-02-08 04:58:04,clear sky
187,Vestmannaeyjar,63.4427,-20.2734,29.89,66,100,48.47,IS,2022-02-08 05:07:35,light snow
188,Ixtapa,20.7,-105.2,69.03,88,0,0.0,MX,2022-02-08 05:07:35,clear sky
189,Khatanga,71.9667,102.5,-10.59,90,100,13.38,RU,2022-02-08 05:07:36,overcast clouds
190,Goma,-1.6792,29.2228,64.24,82,95,1.23,CD,2022-02-08 05:07:36,overcast clouds
191,Ancud,-41.8697,-73.8203,63.23,95,97,6.13,CL,2022-02-08 05:04:47,light rain
192,Thompson,55.7435,-97.8558,21.36,98,100,5.26,CA,2022-02-08 05:07:37,overcast clouds
193,Puerto Leguizamo,-0.1934,-74.7819,70.54,99,100,2.26,CO,2022-02-08 05:07:37,overcast clouds
194,Abha,18.2164,42.5053,50.25,58,0,0.0,SA,2022-02-08 05:07:38,clear sky
195,Norman Wells,65.282,-126.8329,-21.59,96,100,6.58,CA,2022-02-08 05:07:38,overcast clouds
196,Sayyan,15.1718,44.3244,50.45,41,65,2.35,YE,2022-02-08 05:07:38,broken clouds
197,Oistins,13.0667,-59.5333,77.09,73,40,13.8,BB,2022-02-08 05:05:47,scattered clouds
198,Hilo,19.7297,-155.09,71.33,87,100,5.75,US,2022-02-08 05:04:43,moderate rain
199,Waipawa,-41.4122,175.5153,67.93,93,100,5.79,NZ,2022-02-08 05:07:40,overcast clouds
200,Roura,4.7263,-52.3274,79.97,83,75,4.61,GF,2022-02-08 05:07:40,broken clouds
201,Torbay,47.6666,-52.7314,23.76,87,100,3.0,CA,2022-02-08 05:07:41,overcast clouds
202,Georgetown,5.4112,100.3354,91.33,75,20,12.66,MY,2022-02-08 05:03:45,few clouds
203,Olinda,-8.0089,-34.8553,82.13,69,40,4.61,BR,2022-02-08 05:07:21,scattered clouds
204,Independence,39.0911,-94.4155,44.1,64,0,11.5,US,2022-02-08 05:07:42,clear sky
205,Emerald,-23.5333,148.1667,87.35,36,40,5.61,AU,2022-02-08 05:07:42,scattered clouds
206,Braganca,-1.0536,-46.7656,72.86,98,73,0.56,BR,2022-02-08 05:07:42,broken clouds
207,Clyde River,70.4692,-68.5914,-36.92,71,40,3.36,CA,2022-02-08 05:07:43,scattered clouds
208,Nerchinskiy Zavod,51.3088,119.61,1.98,94,100,3.58,RU,2022-02-08 05:07:43,light snow
209,Ibra,22.6906,58.5334,63.39,58,5,2.84,OM,2022-02-08 05:07:44,clear sky
210,Panaba,21.2833,-88.2667,69.24,92,40,4.05,MX,2022-02-08 05:07:44,scattered clouds
211,Kiev,50.4333,30.5167,34.72,82,40,11.18,UA,2022-02-08 05:07:44,light snow
212,Saint-Louis,16.3333,-15.0,72.84,13,0,9.95,SN,2022-02-08 05:07:45,clear sky
213,Duiwelskloof,-23.6934,30.14,67.42,73,66,2.75,ZA,2022-02-08 05:05:04,broken clouds
214,Mgachi,51.05,142.2667,11.35,95,100,9.42,RU,2022-02-08 05:07:45,light snow
215,Misratah,32.3754,15.0925,57.04,75,7,19.66,LY,2022-02-08 05:07:46,clear sky
216,Dubai,25.2582,55.3047,71.22,49,40,11.5,AE,2022-02-08 05:06:16,scattered clouds
217,Aldan,58.6031,125.3894,0.86,88,100,1.45,RU,2022-02-08 05:07:46,overcast clouds
218,Batagay-Alyta,67.8006,130.4114,-24.11,94,74,2.35,RU,2022-02-08 05:07:47,broken clouds
219,West Wendover,40.7391,-114.0733,35.2,49,5,1.01,US,2022-02-08 05:07:47,clear sky
220,Vinni,59.2958,26.4322,28.31,95,100,7.72,EE,2022-02-08 05:07:48,overcast clouds
221,Soe,-9.8607,124.284,78.35,74,38,4.99,ID,2022-02-08 05:07:48,scattered clouds
222,Khasan,42.4308,130.6434,30.51,42,2,8.08,RU,2022-02-08 05:07:49,clear sky
223,Praia,14.9215,-23.5087,64.94,88,20,6.91,CV,2022-02-08 05:07:49,few clouds
224,Biryusinsk,55.9634,97.8235,9.5,89,100,4.74,RU,2022-02-08 05:07:50,overcast clouds
225,Trincomalee,8.5711,81.2335,80.87,61,12,11.36,LK,2022-02-08 05:07:50,few clouds
226,Sept-Iles,50.2001,-66.3821,14.05,84,100,4.0,CA,2022-02-08 05:07:51,overcast clouds
227,Tandil,-37.3217,-59.1332,51.62,92,3,3.44,AR,2022-02-08 05:08:51,clear sky
228,Yeppoon,-23.1333,150.7333,83.98,60,17,13.94,AU,2022-02-08 05:07:54,few clouds
229,Risor,58.7206,9.2342,41.16,65,75,20.15,NO,2022-02-08 05:08:51,broken clouds
230,Hajnowka,52.7433,23.5812,34.02,86,72,3.0,PL,2022-02-08 05:08:52,broken clouds
231,Sakakah,29.9697,40.2064,49.35,45,0,5.3,SA,2022-02-08 05:08:02,clear sky
232,Victoria,22.2855,114.1577,66.25,80,93,11.01,HK,2022-02-08 05:04:51,overcast clouds
233,Coihaique,-45.5752,-72.0662,57.15,54,0,3.44,CL,2022-02-08 05:06:37,clear sky
234,Ilulissat,69.2167,-51.1,-0.38,85,75,24.16,GL,2022-02-08 05:08:53,heavy snow
235,Karratha,-20.7377,116.8463,88.5,62,74,10.11,AU,2022-02-08 05:08:53,light rain
236,Datong,40.0936,113.2914,27.41,19,3,4.56,CN,2022-02-08 05:08:53,clear sky
237,Huarmey,-10.0681,-78.1522,70.97,81,100,8.08,PE,2022-02-08 05:08:54,overcast clouds
238,Flinders,-34.5833,150.8552,76.8,72,44,6.76,AU,2022-02-08 05:08:54,scattered clouds
239,Hobyo,5.3505,48.5268,77.22,63,8,18.77,SO,2022-02-08 05:05:32,clear sky
240,Yumbe,3.4651,31.2469,67.96,31,67,3.62,UG,2022-02-08 05:08:55,broken clouds
241,Leningradskiy,69.3833,178.4167,-28.64,92,4,4.97,RU,2022-02-08 05:07:32,clear sky
242,Kesinga,20.2,83.2333,79.79,20,1,0.74,IN,2022-02-08 05:08:56,clear sky
243,Benjamin Constant,-4.3831,-70.0311,73.53,100,100,1.9,BR,2022-02-08 05:08:56,overcast clouds
244,Barabai,-2.5833,115.3833,89.71,59,93,1.63,ID,2022-02-08 05:08:56,light rain
245,Ambilobe,-13.2,49.05,79.93,82,59,4.72,MG,2022-02-08 05:08:57,broken clouds
246,Charters Towers,-20.1,146.2667,89.76,31,7,5.3,AU,2022-02-08 05:08:57,clear sky
247,Necochea,-38.5473,-58.7368,51.04,89,0,8.03,AR,2022-02-08 05:08:58,clear sky
248,La Paz,-16.5,-68.15,42.78,100,40,5.75,BO,2022-02-08 05:08:58,fog
249,Nelson Bay,-32.7167,152.15,77.29,67,36,3.0,AU,2022-02-08 05:08:59,scattered clouds
250,Shingu,33.7333,135.9833,45.91,68,100,5.68,JP,2022-02-08 05:08:59,overcast clouds
251,Goundam,16.4145,-3.6708,62.56,14,4,8.79,ML,2022-02-08 05:08:59,clear sky
252,Krasnoselkup,65.7,82.4667,-19.01,98,56,6.64,RU,2022-02-08 05:09:00,broken clouds
253,Tual,-5.6667,132.75,83.77,74,57,7.92,ID,2022-02-08 05:00:54,broken clouds
254,Maningrida,-12.0667,134.2667,89.31,57,86,7.14,AU,2022-02-08 05:09:01,overcast clouds
255,Arman,59.7,150.1667,17.02,77,97,5.95,RU,2022-02-08 05:09:01,overcast clouds
256,Saint-Philippe,-21.3585,55.7679,81.99,87,100,12.55,RE,2022-02-08 05:09:02,light rain
257,Zhuanghe,39.7008,122.9911,34.66,34,4,2.39,CN,2022-02-08 05:09:02,clear sky
258,Yumen,40.2833,97.2,27.45,36,9,14.63,CN,2022-02-08 05:09:03,clear sky
259,Kohlu,29.8962,69.252,53.4,39,1,2.8,PK,2022-02-08 05:09:03,clear sky
260,Lambarene,-0.7001,10.2406,74.41,96,93,2.46,GA,2022-02-08 05:09:03,overcast clouds
261,Luwuk,-0.9516,122.7875,84.47,73,89,3.38,ID,2022-02-08 05:09:04,overcast clouds
262,Libertador General San Martin,-23.8064,-64.7876,71.94,76,100,1.77,AR,2022-02-08 05:09:04,overcast clouds
263,Mahanoro,-19.9,48.8,80.62,76,100,4.59,MG,2022-02-08 05:09:05,overcast clouds
264,Namatanai,-3.6667,152.4333,85.51,67,62,6.91,PG,2022-02-08 05:09:05,broken clouds
265,Katangli,51.7102,143.2326,15.42,94,100,14.29,RU,2022-02-08 05:09:06,snow
266,Riyadh,24.6877,46.7219,51.94,36,0,3.78,SA,2022-02-08 05:06:21,clear sky
267,Sinop,41.7711,34.8709,33.98,84,100,19.66,TR,2022-02-08 05:09:06,overcast clouds
268,Grand Gaube,-20.0064,57.6608,82.8,76,99,15.79,MU,2022-02-08 05:09:07,light rain
269,Airai,-8.9266,125.4092,72.09,75,77,1.92,TL,2022-02-08 05:06:39,broken clouds
270,Tuatapere,-46.1333,167.6833,59.83,53,0,8.48,NZ,2022-02-08 05:09:07,clear sky
271,Umm Lajj,25.0213,37.2685,70.56,29,0,5.3,SA,2022-02-08 05:10:08,clear sky
272,Yeniseysk,58.4497,92.1703,3.38,85,97,5.79,RU,2022-02-08 05:10:08,overcast clouds
273,Matamoros,25.5333,-103.25,42.37,64,13,4.85,MX,2022-02-08 05:10:09,few clouds
274,Katsuura,35.1333,140.3,44.71,92,100,10.67,JP,2022-02-08 05:02:18,overcast clouds
275,New Smyrna Beach,29.0258,-80.927,55.99,75,97,8.81,US,2022-02-08 05:10:09,overcast clouds
276,Jatai,-17.8814,-51.7144,66.67,90,94,0.89,BR,2022-02-08 05:10:10,overcast clouds
277,Rucheng,32.3883,120.5553,44.96,68,95,6.53,CN,2022-02-08 05:10:10,overcast clouds
278,Dikson,73.5069,80.5464,6.69,89,100,25.12,RU,2022-02-08 05:10:11,overcast clouds
279,Berezovyy,51.6667,135.7,8.67,83,100,2.21,RU,2022-02-08 05:10:11,overcast clouds
280,Rocha,-34.4833,-54.3333,63.0,81,34,4.43,UY,2022-02-08 05:10:12,scattered clouds
281,Kangaba,11.9333,-8.4167,67.46,15,5,5.68,ML,2022-02-08 05:10:12,clear sky
282,Verkh-Usugli,52.7,115.1667,13.87,81,100,1.1,RU,2022-02-08 05:10:12,overcast clouds
283,Bathsheba,13.2167,-59.5167,77.61,73,40,13.8,BB,2022-02-08 05:10:13,scattered clouds
284,Aksay,47.26,39.87,38.25,80,100,8.99,RU,2022-02-08 05:10:13,light rain
285,Saint-Pierre,-21.3393,55.4781,82.08,74,0,3.44,RE,2022-02-08 05:10:14,clear sky
286,Sagar,23.8333,78.7167,74.01,22,0,5.03,IN,2022-02-08 05:10:14,clear sky
287,Deputatskiy,69.3,139.9,-32.6,97,89,3.13,RU,2022-02-08 05:10:14,overcast clouds
288,Nouadhibou,20.931,-17.0347,64.76,78,26,9.06,MR,2022-02-08 05:10:15,scattered clouds
289,Grootfontein,-19.5667,18.1167,63.03,72,1,4.27,NA,2022-02-08 05:10:15,clear sky
290,Ola,59.5833,151.2833,17.15,68,89,8.97,RU,2022-02-08 05:10:16,overcast clouds
291,Kieta,-6.2167,155.6333,83.73,79,99,9.04,PG,2022-02-08 05:07:20,light rain
292,Mocuba,-16.8392,36.9856,73.83,91,17,2.68,MZ,2022-02-08 05:10:16,few clouds
293,Lagoa,39.05,-27.9833,58.89,67,83,7.31,PT,2022-02-08 05:10:17,broken clouds
294,Port Lincoln,-34.7333,135.8667,72.45,52,98,12.82,AU,2022-02-08 05:10:17,overcast clouds
295,Saint Anthony,45.0205,-93.218,15.93,76,0,9.22,US,2022-02-08 05:10:18,clear sky
296,Aswan,24.0934,32.907,56.43,44,0,9.64,EG,2022-02-08 05:10:18,clear sky
297,Aripuana,-9.1667,-60.6333,72.39,98,99,1.03,BR,2022-02-08 05:10:18,overcast clouds
298,Vredendal,-31.6683,18.5012,68.61,63,11,1.34,ZA,2022-02-08 05:10:19,few clouds
299,Cabanas,22.9758,-82.9219,66.67,81,0,7.56,CU,2022-02-08 05:10:19,clear sky
300,Dobryanka,58.4619,56.4165,8.46,94,77,6.13,RU,2022-02-08 05:10:20,broken clouds
301,Camapua,-19.5314,-54.0439,68.72,75,67,6.17,BR,2022-02-08 05:10:20,broken clouds
302,Caravelas,-17.7125,-39.2481,75.97,89,47,5.01,BR,2022-02-08 05:10:21,scattered clouds
303,Wanning,18.8003,110.3967,75.22,83,84,11.12,CN,2022-02-08 05:10:21,broken clouds
304,Antigonish,45.6169,-61.9986,34.12,96,100,4.34,CA,2022-02-08 05:10:22,overcast clouds
305,Inuvik,68.3499,-133.7218,-36.94,100,100,2.33,CA,2022-02-08 05:10:22,overcast clouds
306,Del Rio,29.3627,-100.8968,49.42,47,0,8.05,US,2022-02-08 05:10:22,clear sky
307,Malinovoye Ozero,51.6753,79.7825,20.39,91,99,7.92,RU,2022-02-08 05:10:23,overcast clouds
308,Comodoro Rivadavia,-45.8667,-67.5,74.28,35,88,32.57,AR,2022-02-08 05:00:56,overcast clouds
309,Chuy,-33.6971,-53.4616,61.12,81,20,7.07,UY,2022-02-08 05:10:24,few clouds
310,Muli,2.9167,73.5667,82.15,69,98,13.02,MV,2022-02-08 05:10:24,overcast clouds
311,Ostrovnoy,68.0531,39.5131,17.4,91,100,15.66,RU,2022-02-08 05:10:24,overcast clouds
312,Wodonga,-36.1167,146.8833,83.26,66,40,6.91,AU,2022-02-08 05:10:25,scattered clouds
313,Torrington,41.8007,-73.1212,36.05,97,100,1.99,US,2022-02-08 05:10:25,snow
314,New Haven,41.4001,-72.9329,38.05,88,100,14.97,US,2022-02-08 05:10:26,mist
315,Troutdale,45.5393,-122.3873,48.61,94,100,1.01,US,2022-02-08 05:10:26,overcast clouds
316,Xuanhua,40.6103,115.0447,29.77,23,2,4.18,CN,2022-02-08 05:10:26,clear sky
317,Khandyga,62.6667,135.6,-17.28,86,100,1.81,RU,2022-02-08 05:10:27,overcast clouds
318,Novo Aripuana,-5.1206,-60.3797,74.35,95,100,1.57,BR,2022-02-08 05:11:27,overcast clouds
319,Lidingo,59.3667,18.1833,34.09,82,100,6.91,SE,2022-02-08 05:11:28,light snow
320,Nicoya,10.1483,-85.452,71.15,77,60,4.07,CR,2022-02-08 05:11:28,broken clouds
321,Napier,-39.4833,176.9167,70.25,91,100,5.99,NZ,2022-02-08 05:11:29,overcast clouds
322,Labytnangi,66.6572,66.4183,-7.82,100,100,3.22,RU,2022-02-08 05:11:29,overcast clouds
323,Mgandu,-5.95,34.1333,61.21,85,96,1.95,TZ,2022-02-08 05:11:29,overcast clouds
324,Swan Hill,-35.3378,143.5544,89.71,17,7,8.46,AU,2022-02-08 05:00:51,clear sky
325,Tabas,33.5959,56.9244,49.6,36,0,3.47,IR,2022-02-08 05:11:30,clear sky
326,Erenhot,43.6475,111.9767,18.93,60,1,12.97,CN,2022-02-08 05:11:30,clear sky
327,San Jose De Guanipa,8.8872,-64.1651,74.86,75,85,13.27,VE,2022-02-08 05:11:31,overcast clouds
328,Rassvet,46.8333,40.75,36.37,85,100,3.8,RU,2022-02-08 05:11:31,overcast clouds
329,Perth,-31.9333,115.8333,79.18,46,0,13.8,AU,2022-02-08 05:10:02,clear sky
330,Harper,4.375,-7.7169,78.28,84,89,5.19,LR,2022-02-08 05:11:32,moderate rain
331,Manfredonia,41.6259,15.9094,50.83,48,23,21.7,IT,2022-02-08 05:11:32,few clouds
332,Tilichiki,60.4667,166.1,-8.66,84,6,7.92,RU,2022-02-08 05:11:33,clear sky
333,Zapolyarnyy,69.4154,30.8136,22.28,97,82,10.94,RU,2022-02-08 05:11:33,broken clouds
334,Batsfjord,70.6345,29.7185,26.82,86,80,11.86,NO,2022-02-08 05:11:34,broken clouds
335,Honiara,-9.4333,159.95,78.3,93,100,10.63,SB,2022-02-08 05:11:27,overcast clouds
336,Naze,28.3667,129.4833,62.87,81,31,19.8,JP,2022-02-08 05:11:34,scattered clouds
337,Beloha,-25.1667,45.05,80.82,71,100,22.1,MG,2022-02-08 05:07:07,overcast clouds
338,Margate,51.3813,1.3862,51.66,74,100,5.01,GB,2022-02-08 05:11:35,overcast clouds
339,Itoman,26.1247,127.6694,71.98,68,40,20.71,JP,2022-02-08 05:11:35,scattered clouds
340,Ta Khmau,11.4833,104.95,89.65,55,20,6.91,KH,2022-02-08 05:11:36,few clouds
341,Gualaquiza,-3.4,-78.55,63.19,98,100,0.85,EC,2022-02-08 05:11:36,overcast clouds
342,Sabha,27.0377,14.4283,52.63,20,76,6.87,LY,2022-02-08 05:11:37,broken clouds
343,Avera,33.194,-82.5271,44.47,74,100,5.75,US,2022-02-08 05:11:37,overcast clouds
344,Kamenka,51.3223,42.7678,31.75,97,100,12.62,RU,2022-02-08 05:11:37,overcast clouds
345,Along,28.1667,94.7667,66.29,42,65,1.79,IN,2022-02-08 05:11:38,broken clouds
346,Vardo,70.3705,31.1107,26.8,88,91,19.98,NO,2022-02-08 05:11:38,overcast clouds
347,Izumo,35.3667,132.7667,44.82,61,97,5.32,JP,2022-02-08 05:11:39,overcast clouds
348,Arkhipo-Osipovka,44.37,38.52,46.45,66,100,22.3,RU,2022-02-08 05:11:39,overcast clouds
349,Hokitika,-42.7167,170.9667,73.08,61,4,5.97,NZ,2022-02-08 05:11:39,clear sky
350,Karatau,43.1667,70.4667,31.89,90,100,4.32,KZ,2022-02-08 05:11:40,light snow
351,Fortuna,40.5982,-124.1573,48.65,95,75,0.0,US,2022-02-08 05:11:40,broken clouds
352,Mae Sai,20.4335,99.8762,79.45,37,6,2.89,TH,2022-02-08 05:11:41,clear sky
353,Biloela,-24.4167,150.5,88.88,25,12,10.56,AU,2022-02-08 05:11:41,few clouds
354,The Valley,18.217,-63.0578,77.09,70,35,20.47,AI,2022-02-08 05:11:42,scattered clouds
355,Kudat,6.8837,116.8477,84.02,69,85,13.53,MY,2022-02-08 05:11:42,overcast clouds
356,Oak Ridge,36.0104,-84.2696,37.69,76,0,0.0,US,2022-02-08 05:07:30,clear sky
357,Locri,38.2414,16.2623,51.82,57,1,14.9,IT,2022-02-08 05:11:43,clear sky
358,Tezu,27.9167,96.1667,67.1,43,94,3.15,IN,2022-02-08 05:11:43,overcast clouds
359,Mittagong,-34.45,150.45,69.62,70,68,5.19,AU,2022-02-08 05:11:43,broken clouds
360,Neuquen,-38.9516,-68.0591,75.94,27,5,11.74,AR,2022-02-08 05:07:30,clear sky
361,Sibiti,-3.6819,13.3499,68.92,99,98,1.95,CG,2022-02-08 05:11:44,overcast clouds
362,Broome,42.2506,-75.833,32.0,75,100,3.0,US,2022-02-08 05:11:45,fog
363,Sri Aman,1.2376,111.4621,84.56,74,98,1.34,MY,2022-02-08 05:11:45,overcast clouds
364,Dwarka,22.2394,68.9678,71.62,69,12,4.63,IN,2022-02-08 05:11:30,few clouds
365,Ukiah,39.1502,-123.2078,54.37,73,0,0.0,US,2022-02-08 05:12:46,clear sky
366,Sao Felix Do Xingu,-6.6447,-51.995,70.95,99,99,1.36,BR,2022-02-08 05:12:46,overcast clouds
367,Jalu,29.0331,21.5482,55.65,30,3,6.55,LY,2022-02-08 05:12:46,clear sky
368,Sibolga,1.7427,98.7792,86.0,59,75,4.52,ID,2022-02-08 05:12:47,broken clouds
369,Turukhansk,65.8167,87.9833,-14.31,88,7,3.4,RU,2022-02-08 05:12:47,clear sky
370,Imeni Babushkina,59.7573,43.1285,20.01,94,100,8.93,RU,2022-02-08 05:12:48,light snow
371,Banda Aceh,5.5577,95.3222,84.36,68,74,10.04,ID,2022-02-08 05:12:48,broken clouds
372,Isla Mujeres,21.2311,-86.731,68.16,78,6,5.77,MX,2022-02-08 05:08:33,clear sky
373,Sur,22.5667,59.5289,69.57,59,3,5.39,OM,2022-02-08 05:12:49,clear sky
374,Nabire,-3.3667,135.4833,84.69,72,61,6.2,ID,2022-02-08 05:12:49,broken clouds
375,Pringsewu,-5.3582,104.9744,85.24,73,86,2.95,ID,2022-02-08 05:12:49,moderate rain
376,Bonavista,48.6499,-53.1147,24.12,71,100,17.13,CA,2022-02-08 05:12:50,overcast clouds
377,Killybegs,54.6333,-8.45,45.45,85,100,17.11,IE,2022-02-08 05:12:50,overcast clouds
378,Ipanema,-30.1391,-51.2244,69.73,79,20,3.44,BR,2022-02-08 05:12:51,few clouds
379,Berlevag,70.8578,29.0864,24.8,85,80,16.6,NO,2022-02-08 05:12:51,broken clouds
380,Jiaxing,30.7522,120.75,39.22,74,100,9.24,CN,2022-02-08 05:12:52,overcast clouds
381,Egvekinot,66.3167,-179.1667,-18.72,69,0,13.27,RU,2022-02-08 05:12:52,clear sky
382,Marabba,12.35,32.1833,64.54,24,18,7.61,SD,2022-02-08 05:12:52,few clouds
383,Zubova Polyana,54.0771,42.8372,27.09,94,93,9.37,RU,2022-02-08 05:12:53,overcast clouds
384,Marienburg,54.0359,19.0266,37.06,91,18,8.12,PL,2022-02-08 05:12:53,few clouds
385,Isangel,-19.55,169.2667,80.82,90,100,23.0,VU,2022-02-08 05:12:54,heavy intensity rain
386,Zarya,55.7553,38.0958,34.18,99,100,6.4,RU,2022-02-08 05:12:54,overcast clouds
387,Bambanglipuro,-7.95,110.2833,87.93,60,100,6.13,ID,2022-02-08 05:12:55,overcast clouds
388,Cherskiy,68.75,161.3,-35.39,100,29,1.41,RU,2022-02-08 05:11:07,scattered clouds
389,Poitiers,46.5833,0.3333,35.67,100,54,3.44,FR,2022-02-08 05:12:56,broken clouds
390,Hammerfest,70.6634,23.6821,30.65,64,20,9.22,NO,2022-02-08 05:12:56,few clouds
391,Gonaives,19.45,-72.6833,74.26,80,22,4.03,HT,2022-02-08 05:12:56,few clouds
392,Lorengau,-2.0226,147.2712,85.37,70,53,8.72,PG,2022-02-08 05:12:57,broken clouds
393,Guerrero Negro,27.9769,-114.0611,64.04,43,0,2.53,MX,2022-02-08 05:09:14,clear sky
394,Haapiti,-17.5667,-149.8667,83.93,77,100,19.13,PF,2022-02-08 05:12:57,overcast clouds
395,Doha,25.2867,51.5333,62.58,59,0,12.66,QA,2022-02-08 05:08:31,clear sky
396,Evensk,61.95,159.2333,1.29,69,20,8.75,RU,2022-02-08 05:12:58,few clouds
397,Maymyo,22.0333,96.4667,65.57,25,2,6.31,MM,2022-02-08 05:12:58,clear sky
398,Ayr,55.4627,-4.6339,46.38,87,20,16.11,GB,2022-02-08 05:12:59,few clouds
399,Mayumba,-3.432,10.6554,76.42,92,100,7.56,GA,2022-02-08 05:12:59,overcast clouds
400,Selenginsk,52.0064,106.8647,12.61,87,100,8.28,RU,2022-02-08 05:13:00,light snow
401,Catio,11.2833,-15.25,69.76,85,4,5.23,GW,2022-02-08 05:13:00,clear sky
402,Klaksvik,62.2266,-6.589,34.72,65,74,40.24,FO,2022-02-08 05:13:00,broken clouds
403,Lasa,46.6166,10.7002,31.03,48,14,8.93,IT,2022-02-08 05:13:01,few clouds
404,Te Anau,-45.4167,167.7167,74.28,37,0,1.07,NZ,2022-02-08 05:13:01,clear sky
405,Muscat,23.6139,58.5922,68.02,52,1,15.08,OM,2022-02-08 05:13:02,clear sky
406,Nipawin,53.3668,-104.0009,35.71,84,100,15.7,CA,2022-02-08 05:13:02,overcast clouds
407,Makat,47.6469,53.3463,28.09,91,100,2.33,KZ,2022-02-08 05:13:03,overcast clouds
408,Ankazoabo,-22.2833,44.5167,72.21,97,100,10.29,MG,2022-02-08 05:13:03,moderate rain
409,Grimshaw,56.1834,-117.6027,39.02,78,58,13.18,CA,2022-02-08 05:14:03,broken clouds
410,Samarai,-10.6167,150.6667,82.47,77,72,9.8,PG,2022-02-08 05:14:04,broken clouds
411,Nishihara,26.1842,127.7558,71.26,68,40,20.71,JP,2022-02-08 05:14:04,scattered clouds
412,Polignano A Mare,40.9959,17.2159,50.18,48,44,34.09,IT,2022-02-08 05:14:05,scattered clouds
413,Grand Forks,47.9417,-97.4337,17.53,82,20,18.41,US,2022-02-08 05:09:10,few clouds
414,Garowe,8.4054,48.4845,67.3,73,9,13.18,SO,2022-02-08 05:14:05,clear sky
415,Bagotville,-28.9833,153.4167,76.64,66,33,10.58,AU,2022-02-08 05:14:06,scattered clouds
416,Yulara,-25.2406,130.9889,94.84,28,100,17.27,AU,2022-02-08 05:11:26,overcast clouds
417,Nema,57.5067,50.5011,-4.29,100,85,3.36,RU,2022-02-08 05:14:06,overcast clouds
418,Amos,48.5669,-78.1162,19.18,98,97,3.76,CA,2022-02-08 05:14:07,overcast clouds
419,Keuruu,62.2667,24.7,24.75,100,83,2.62,FI,2022-02-08 05:14:07,broken clouds
420,Mwingi,-0.9344,38.0601,68.85,73,64,2.21,KE,2022-02-08 05:14:08,broken clouds
421,Penzance,50.1186,-5.5371,51.01,80,100,17.45,GB,2022-02-08 05:14:08,overcast clouds
422,Otane,-39.8833,176.6333,69.39,97,100,4.18,NZ,2022-02-08 05:14:08,overcast clouds
423,Fivizzano,44.2383,10.126,45.79,63,0,1.25,IT,2022-02-08 05:14:09,clear sky
424,Bharatpur,27.2167,77.4833,67.15,46,0,4.61,IN,2022-02-08 05:14:09,clear sky
425,Pafos,34.7667,32.4167,58.91,77,20,9.22,CY,2022-02-08 05:14:10,few clouds
426,Houma,29.5958,-90.7195,48.0,62,98,1.99,US,2022-02-08 05:14:10,overcast clouds
427,Dawlatabad,36.4141,64.9053,43.02,85,100,8.93,AF,2022-02-08 05:14:11,overcast clouds
428,Petrinja,45.4375,16.29,36.12,76,0,3.47,HR,2022-02-08 05:14:11,clear sky
429,Ilo,-17.6394,-71.3375,68.88,83,63,4.09,PE,2022-02-08 05:14:11,broken clouds
430,Nikki,9.9401,3.2108,69.8,18,11,5.3,BJ,2022-02-08 05:14:12,few clouds
431,Dalianwan,39.0286,121.695,41.04,45,0,8.95,CN,2022-02-08 05:14:12,clear sky
432,Kapuskasing,49.4169,-82.4331,-8.66,100,96,1.05,CA,2022-02-08 05:14:13,overcast clouds
433,Buraydah,26.326,43.975,53.46,34,0,3.51,SA,2022-02-08 05:14:13,clear sky
434,Saint-Augustin,51.226,-58.6502,3.58,97,100,7.02,CA,2022-02-08 05:14:14,overcast clouds
435,Kloulklubed,7.0419,134.2556,84.7,78,96,21.9,PW,2022-02-08 05:14:14,overcast clouds
436,Sterling,39.0062,-77.4286,39.15,86,40,6.91,US,2022-02-08 05:14:15,scattered clouds
437,Plouzane,48.3833,-4.6167,50.32,96,100,5.75,FR,2022-02-08 05:10:53,overcast clouds
438,Vao,-22.6667,167.4833,80.38,86,18,15.93,NC,2022-02-08 05:14:15,few clouds
439,Acara,-1.9608,-48.1967,72.07,99,41,2.01,BR,2022-02-08 05:14:16,scattered clouds
440,Salalah,17.0151,54.0924,71.69,18,0,27.63,OM,2022-02-08 05:14:16,clear sky
441,La Asuncion,11.0333,-63.8628,76.23,88,51,13.15,VE,2022-02-08 05:14:16,broken clouds
442,Constitucion,-35.3333,-72.4167,58.68,83,17,4.99,CL,2022-02-08 05:14:17,few clouds
443,Kirzhach,56.15,38.8667,31.98,98,98,6.08,RU,2022-02-08 05:14:17,overcast clouds
444,Xai-Xai,-25.0519,33.6442,76.01,83,37,11.77,MZ,2022-02-08 05:14:18,light rain
445,Tevaitoa,-16.7833,-151.5,81.09,77,100,17.56,PF,2022-02-08 05:14:18,light rain
446,Bawal,28.0833,76.5833,64.81,54,2,4.41,IN,2022-02-08 05:14:19,clear sky
447,Hervey Bay,-25.2986,152.8535,82.04,59,28,8.99,AU,2022-02-08 05:14:19,scattered clouds
448,Srivardhan,18.0333,73.0167,76.1,64,23,6.22,IN,2022-02-08 05:14:19,few clouds
449,Ketchikan,55.3422,-131.6461,39.67,93,100,21.85,US,2022-02-08 05:14:20,moderate rain
450,Kavaratti,10.5669,72.642,78.57,72,21,10.0,IN,2022-02-08 05:14:20,few clouds
451,Mizdah,31.4451,12.9801,47.79,67,5,5.97,LY,2022-02-08 05:14:21,clear sky
452,Coahuayana,18.7333,-103.6833,68.59,87,30,3.69,MX,2022-02-08 05:11:33,scattered clouds
453,Sugod,12.987,124.0805,79.16,87,87,13.73,PH,2022-02-08 05:14:21,overcast clouds
454,Wajima,37.4,136.9,37.89,77,100,10.65,JP,2022-02-08 05:13:51,overcast clouds
455,Dryden,49.7833,-92.7503,10.69,79,0,10.36,CA,2022-02-08 05:15:22,clear sky
456,Camacha,33.0833,-16.3333,58.42,82,40,5.75,PT,2022-02-08 05:15:23,scattered clouds
457,Bilma,18.6853,12.9164,57.81,16,0,7.96,NE,2022-02-08 05:15:23,clear sky
458,Marsh Harbour,26.5412,-77.0636,73.54,64,2,5.21,BS,2022-02-08 05:15:24,clear sky
459,La Libertad,-2.2333,-80.9,74.8,85,100,8.63,EC,2022-02-08 05:13:27,light rain
460,Kitimat,54.0524,-128.6534,40.91,36,100,3.0,CA,2022-02-08 05:15:24,light rain
461,Puerto Vallarta,20.6204,-105.2307,69.71,88,0,0.0,MX,2022-02-08 05:15:00,clear sky
462,Makakilo City,21.3469,-158.0858,73.72,66,20,10.36,US,2022-02-08 05:15:25,few clouds
463,Coquimbo,-29.9533,-71.3436,62.33,88,0,3.44,CL,2022-02-08 05:15:25,clear sky
464,Baker City,44.7749,-117.8344,39.65,86,40,4.61,US,2022-02-08 05:15:09,scattered clouds
465,Kalemie,-5.9475,29.1947,69.76,86,100,1.19,CD,2022-02-08 05:15:26,overcast clouds
466,Abdulino,53.7,53.6667,12.56,96,100,3.38,RU,2022-02-08 05:15:26,overcast clouds
467,Launceston,-41.45,147.1667,80.62,41,75,5.75,AU,2022-02-08 05:15:27,broken clouds
468,Ternate,0.8,127.4,80.53,76,95,1.63,ID,2022-02-08 05:15:27,overcast clouds
469,Gladstone,-23.85,151.25,82.33,44,100,11.5,AU,2022-02-08 05:12:31,overcast clouds
470,Maracaju,-21.6144,-55.1683,60.82,58,0,5.08,BR,2022-02-08 05:15:28,clear sky
471,Mnogovershinnyy,53.9353,139.9242,9.68,82,100,5.53,RU,2022-02-08 05:15:28,overcast clouds
472,Fortaleza,-3.7227,-38.5247,81.21,78,40,5.75,BR,2022-02-08 05:15:29,scattered clouds
473,Dalby,-27.1833,151.2667,87.98,20,8,1.99,AU,2022-02-08 05:15:29,clear sky
474,Los Llanos De Aridane,28.6585,-17.9182,58.75,63,0,8.05,ES,2022-02-08 05:15:29,clear sky
475,Manta,-0.95,-80.7333,76.78,83,75,3.44,EC,2022-02-08 05:14:35,broken clouds
476,Ahipara,-35.1667,173.1667,77.07,90,68,5.86,NZ,2022-02-08 05:15:30,broken clouds
477,Nuuk,64.1835,-51.7216,-1.59,65,75,1.14,GL,2022-02-08 05:15:30,broken clouds
478,Whitehorse,60.7161,-135.0538,29.17,69,100,13.8,CA,2022-02-08 05:15:31,overcast clouds
479,Keetmanshoop,-26.5833,18.1333,70.72,73,89,2.3,NA,2022-02-08 05:15:31,overcast clouds
480,Barentu,15.1139,37.5928,63.23,62,2,3.24,ER,2022-02-08 05:15:32,clear sky
481,Panzhihua,26.5851,101.7128,63.59,39,6,2.98,CN,2022-02-08 05:15:32,clear sky
482,Pahrump,36.2083,-115.9839,53.31,21,0,0.36,US,2022-02-08 05:15:32,clear sky
483,Maceio,-9.6658,-35.7353,74.64,88,40,2.3,BR,2022-02-08 05:15:33,scattered clouds
484,Lebedyn,50.5852,34.4849,32.77,100,100,5.01,UA,2022-02-08 05:15:33,light snow
485,Mount Isa,-20.7333,139.5,91.17,43,75,8.05,AU,2022-02-08 05:11:32,broken clouds
486,Ilheus,-14.7889,-39.0494,75.22,90,84,1.28,BR,2022-02-08 05:15:34,broken clouds
487,Hit,33.6416,42.8251,50.54,66,11,6.69,IQ,2022-02-08 05:15:56,few clouds
488,Robertsport,6.7533,-11.3686,78.66,83,100,4.97,LR,2022-02-08 05:15:57,light rain
489,Darnah,32.767,22.6367,56.8,79,35,21.23,LY,2022-02-08 05:15:57,scattered clouds
490,Sorong,-0.8833,131.25,83.23,72,50,3.06,ID,2022-02-08 05:14:11,scattered clouds
491,Korla,41.7597,86.1469,28.33,38,5,3.42,CN,2022-02-08 05:15:58,clear sky
492,Yertsevo,60.7966,40.086,14.2,96,97,6.04,RU,2022-02-08 05:15:58,overcast clouds
493,Ostersund,63.1792,14.6357,28.62,93,20,8.05,SE,2022-02-08 05:15:59,few clouds
494,Ugoofaaru,5.6667,73.0,80.71,71,47,14.83,MV,2022-02-08 05:15:59,scattered clouds
495,Olafsvik,64.8945,-23.7142,31.32,92,100,40.44,IS,2022-02-08 05:12:05,snow
496,Peterhead,57.5058,-1.7981,45.0,73,74,15.35,GB,2022-02-08 05:16:00,broken clouds
497,Husavik,66.0449,-17.3389,30.11,76,98,15.05,IS,2022-02-08 05:16:00,overcast clouds
498,Abu Dhabi,24.4667,54.3667,68.11,61,40,12.66,AE,2022-02-08 05:12:51,scattered clouds
499,Mahebourg,-20.4081,57.7,82.69,78,75,12.66,MU,2022-02-08 05:16:01,broken clouds
500,Timra,62.487,17.3257,31.68,91,100,4.61,SE,2022-02-08 05:16:01,overcast clouds
501,San Quintin,30.4833,-115.95,59.52,40,0,0.43,MX,2022-02-08 05:17:02,clear sky
502,Christchurch,-43.5333,172.6333,67.48,70,40,11.5,NZ,2022-02-08 05:15:37,scattered clouds
503,Abu Kamal,34.4506,40.9171,54.34,50,96,7.96,SY,2022-02-08 05:17:02,overcast clouds
504,Matara,5.9485,80.5353,84.38,64,92,5.14,LK,2022-02-08 05:17:03,overcast clouds
505,Morehead,37.2711,-87.1764,29.14,88,100,0.0,US,2022-02-08 05:17:03,overcast clouds
506,San Ramon,37.7799,-121.978,57.9,69,0,4.61,US,2022-02-08 05:14:31,clear sky
507,Newton,42.337,-71.2092,42.55,95,100,4.61,US,2022-02-08 05:17:04,moderate rain
508,Saravena,6.9538,-71.8752,75.34,66,72,3.8,CO,2022-02-08 05:17:04,broken clouds
509,Ferme-Neuve,46.7001,-75.4493,24.58,98,100,2.93,CA,2022-02-08 05:17:05,overcast clouds
510,San Rafael,-34.6177,-68.3301,72.91,42,5,7.45,AR,2022-02-08 05:17:05,clear sky
511,Iracoubo,5.4802,-53.2011,76.33,87,99,8.99,GF,2022-02-08 05:17:05,overcast clouds
512,Collie,-33.3667,116.15,70.99,33,12,9.51,AU,2022-02-08 05:17:06,few clouds
513,Cardoso,-20.0819,-49.9142,69.75,94,84,4.32,BR,2022-02-08 05:17:06,broken clouds
514,Myitkyina,25.3833,97.4,73.51,35,0,2.91,MM,2022-02-08 05:17:07,clear sky
515,Mount Darwin,-16.7725,31.5838,66.69,90,15,1.83,ZW,2022-02-08 05:17:07,few clouds
516,Manono,-7.3,27.4167,68.86,97,100,2.33,CD,2022-02-08 05:17:08,overcast clouds
517,Nalut,30.3333,10.85,47.17,79,5,13.38,LY,2022-02-08 05:17:08,clear sky
518,Awjilah,29.1081,21.2869,55.54,29,3,7.54,LY,2022-02-08 05:17:09,clear sky
519,Kyabe,9.4515,18.9449,68.38,18,88,6.26,TD,2022-02-08 05:17:09,overcast clouds
520,Den Helder,52.9599,4.7593,49.95,89,40,21.99,NL,2022-02-08 05:14:54,scattered clouds
521,Ayame,5.6083,-3.1563,73.24,96,39,0.34,CI,2022-02-08 05:17:10,light rain
522,Rongcheng,30.634,117.8517,36.64,99,100,3.27,CN,2022-02-08 05:17:10,overcast clouds
523,Markova,48.6758,24.4138,31.59,94,100,12.21,UA,2022-02-08 05:17:11,light snow
524,Whitefish,48.4111,-114.3376,37.2,60,0,8.05,US,2022-02-08 05:17:11,clear sky
525,Ust-Ilimsk,58.0006,102.6619,-3.5,92,100,7.31,RU,2022-02-08 05:17:11,overcast clouds
526,Balkanabat,39.5108,54.3671,42.67,54,5,6.4,TM,2022-02-08 05:17:12,clear sky
527,Port Macquarie,-31.4333,152.9167,77.9,57,57,8.28,AU,2022-02-08 05:16:20,broken clouds
528,Kathmandu,27.7167,85.3167,53.82,71,40,2.3,NP,2022-02-08 05:15:58,mist
529,Aitape,-3.1374,142.3475,84.67,71,86,6.24,PG,2022-02-08 05:17:13,overcast clouds
530,Orangeburg,33.4918,-80.8557,43.09,92,100,3.44,US,2022-02-08 05:17:13,mist
531,Paris,48.8534,2.3488,47.1,87,100,6.91,FR,2022-02-08 05:16:19,overcast clouds
532,Bandarbeyla,9.4942,50.8122,77.38,60,1,18.28,SO,2022-02-08 05:17:14,clear sky
533,Rosenheim,47.8564,12.1225,35.69,79,51,6.78,DE,2022-02-08 05:15:06,broken clouds
534,Prestea,5.4327,-2.1428,73.49,98,53,1.16,GH,2022-02-08 05:17:15,broken clouds
535,Ambato,-1.2491,-78.6168,55.9,70,100,5.99,EC,2022-02-08 05:17:15,overcast clouds
536,Calama,-22.4667,-68.9333,48.69,23,0,17.27,CL,2022-02-08 05:16:35,clear sky
537,Villamontes,-21.25,-63.5,72.37,62,99,1.59,BO,2022-02-08 05:17:16,overcast clouds
538,La Ronge,55.1001,-105.2842,34.05,86,100,8.05,CA,2022-02-08 05:17:16,overcast clouds
539,Gazli,40.1333,63.45,40.23,55,62,0.87,UZ,2022-02-08 05:17:17,broken clouds
540,Naliya,23.2667,68.8333,72.64,65,1,5.3,IN,2022-02-08 05:17:17,clear sky
541,Vanavara,60.34,102.2797,-4.02,85,97,8.21,RU,2022-02-08 05:17:18,overcast clouds
542,Virginia Beach,36.8529,-75.978,42.03,95,100,1.99,US,2022-02-08 05:13:14,overcast clouds
543,Mahon,39.8885,4.2658,48.76,66,0,17.27,ES,2022-02-08 05:17:19,clear sky
544,Sao Gabriel Da Cachoeira,-0.1303,-67.0892,72.54,100,100,1.95,BR,2022-02-08 05:17:19,heavy intensity rain
545,Elko,41.0002,-115.5012,32.23,60,5,4.41,US,2022-02-08 05:15:28,clear sky
546,Roma,43.2128,-75.4557,26.64,93,0,0.0,US,2022-02-08 05:17:19,clear sky
547,Terrace Bay,48.7834,-87.1,2.82,86,100,4.83,CA,2022-02-08 05:16:31,overcast clouds
548,Newport,51.5877,-2.9984,52.45,82,100,17.96,GB,2022-02-08 05:18:20,overcast clouds
549,Laguna,38.421,-121.4238,57.31,80,0,0.0,US,2022-02-08 05:18:20,clear sky
550,Dunhua,43.3725,128.2425,23.22,66,46,7.34,CN,2022-02-08 05:18:21,scattered clouds
551,Malacacheta,-17.8422,-42.0767,65.68,96,88,2.15,BR,2022-02-08 05:18:21,overcast clouds
552,Mwense,-10.3845,28.698,65.03,97,99,2.08,ZM,2022-02-08 05:18:22,light rain
553,Lat Yao,15.751,99.7893,97.52,32,8,2.98,TH,2022-02-08 05:18:22,clear sky
554,Sovetskiy,61.3614,63.5842,-2.45,98,96,5.73,RU,2022-02-08 05:18:23,overcast clouds
555,Les Cayes,18.2,-73.75,74.25,81,28,5.32,HT,2022-02-08 05:18:23,scattered clouds
556,Santa Isabel,-23.3156,-46.2214,69.1,98,100,1.63,BR,2022-02-08 05:13:28,overcast clouds
557,Lundazi,-12.2929,33.1782,64.62,90,58,2.57,ZM,2022-02-08 05:18:24,broken clouds
558,Ciawi,-7.5117,107.9767,79.0,66,97,5.61,ID,2022-02-08 05:18:24,overcast clouds
559,Raga,8.4596,25.678,59.65,23,80,3.96,SS,2022-02-08 05:18:25,broken clouds
560,Henties Bay,-22.116,14.2845,69.85,89,100,3.4,NA,2022-02-08 05:18:25,light rain
561,Kysyl-Syr,63.8986,122.7617,-18.31,93,100,4.79,RU,2022-02-08 05:18:26,overcast clouds
562,Senador Jose Porfirio,-2.5908,-51.9542,73.35,97,89,2.21,BR,2022-02-08 05:18:26,overcast clouds
563,Merced,37.1666,-120.7516,52.29,62,0,4.52,US,2022-02-08 05:17:36,clear sky
564,Novosokolniki,56.3463,30.1578,28.96,90,100,12.75,RU,2022-02-08 05:18:26,overcast clouds
565,Antequera,37.0194,-4.5612,46.94,87,0,6.44,ES,2022-02-08 05:18:27,clear sky
566,Zyryanka,65.75,150.85,-32.87,97,60,2.04,RU,2022-02-08 05:18:27,broken clouds
567,Pundaguitan,6.3711,126.1689,80.71,81,63,14.56,PH,2022-02-08 05:18:28,broken clouds
568,North Bend,43.4065,-124.2243,50.94,100,100,5.75,US,2022-02-08 05:16:07,mist
569,Cascais,38.6979,-9.4215,57.06,41,0,11.01,PT,2022-02-08 05:18:28,clear sky
570,Sistranda,63.7256,8.834,37.9,72,100,32.44,NO,2022-02-08 05:18:29,overcast clouds
571,Kibaya,-5.3,36.5667,60.28,91,100,1.97,TZ,2022-02-08 05:18:29,overcast clouds
572,Tiznit,29.5833,-9.5,59.7,24,0,10.29,MA,2022-02-08 05:18:30,clear sky
573,Solec Kujawski,53.0837,18.2257,36.68,62,40,11.5,PL,2022-02-08 05:18:30,scattered clouds
574,Turayf,31.6725,38.6637,35.85,93,0,9.22,SA,2022-02-08 05:18:31,clear sky
575,Requena,39.4883,-1.1004,40.78,71,1,3.38,ES,2022-02-08 05:18:31,clear sky
576,Ponta Delgada,37.7333,-25.6667,59.5,77,20,3.44,PT,2022-02-08 05:18:32,few clouds
577,Honningsvag,70.9821,25.9704,29.95,80,43,21.85,NO,2022-02-08 05:18:32,scattered clouds
578,Omaha,41.2586,-95.9378,44.06,54,0,10.36,US,2022-02-08 05:15:03,clear sky
579,Shrewsbury,52.7101,-2.7521,52.68,90,75,11.5,GB,2022-02-08 05:18:33,broken clouds
580,Imeni Poliny Osipenko,52.4201,136.4853,3.81,88,100,3.29,RU,2022-02-08 05:18:33,overcast clouds
581,Ariogala,55.2667,23.4667,33.71,76,62,9.33,LT,2022-02-08 05:18:33,broken clouds
582,Ranong,9.9658,98.6348,87.73,52,63,5.3,TH,2022-02-08 05:18:34,broken clouds
583,Traralgon,-38.1833,146.5333,79.9,33,40,6.85,AU,2022-02-08 05:18:34,scattered clouds
584,Fairbanks,64.8378,-147.7164,-1.86,70,20,5.75,US,2022-02-08 05:15:27,few clouds
585,North Myrtle Beach,33.816,-78.68,44.02,94,100,8.05,US,2022-02-08 05:18:35,overcast clouds
586,Rio Grande,-32.035,-52.0986,62.94,82,1,11.23,BR,2022-02-08 05:18:35,clear sky
587,Sorland,67.667,12.6934,35.67,93,100,26.26,NO,2022-02-08 05:18:36,light rain
588,Dubna,56.7333,37.1667,30.92,88,100,7.25,RU,2022-02-08 05:18:36,overcast clouds
589,Opportunity,47.6499,-117.2399,36.12,81,0,3.44,US,2022-02-08 05:18:37,clear sky
590,Magnitka,55.3475,59.6961,7.52,93,91,2.53,RU,2022-02-08 05:18:37,overcast clouds
591,Raudeberg,61.9875,5.1352,41.67,90,100,10.0,NO,2022-02-08 05:18:38,overcast clouds
592,Russell,32.3502,-85.1999,44.2,91,0,3.44,US,2022-02-08 05:15:26,clear sky
593,Altay,47.8667,88.1167,14.09,67,2,0.29,CN,2022-02-08 05:18:38,clear sky
594,Dunedin,-45.8742,170.5036,64.8,62,1,5.01,NZ,2022-02-08 05:19:39,clear sky
595,Okhotsk,59.3833,143.3,12.67,78,100,6.91,RU,2022-02-08 05:19:39,overcast clouds
596,Atbasar,51.8,68.3333,10.62,96,86,7.63,KZ,2022-02-08 05:19:40,overcast clouds
597,Taltal,-25.4,-70.4833,66.27,80,2,0.56,CL,2022-02-08 05:19:40,clear sky
598,Broken Hill,-31.95,141.4333,88.83,19,53,10.42,AU,2022-02-08 05:19:41,broken clouds
599,Beaverlodge,55.2166,-119.4361,36.75,66,18,13.4,CA,2022-02-08 05:17:38,few clouds
600,Ulladulla,-35.35,150.4667,72.09,60,85,7.87,AU,2022-02-08 05:19:41,overcast clouds
601,Laredo,27.5064,-99.5075,50.85,43,0,0.0,US,2022-02-08 05:19:42,clear sky
602,Tselinnoye,53.0833,85.6667,9.97,89,42,1.1,RU,2022-02-08 05:19:42,scattered clouds
603,Pop,40.8736,71.1089,39.69,73,100,3.0,UZ,2022-02-08 05:19:43,overcast clouds
604,Bardiyah,31.7561,25.0865,54.55,53,83,19.62,LY,2022-02-08 05:19:43,broken clouds
605,Zhigalovo,54.8097,105.1578,13.41,83,100,3.96,RU,2022-02-08 05:19:43,overcast clouds
606,Homer,59.6425,-151.5483,31.89,86,100,6.91,US,2022-02-08 05:19:44,mist
607,Sinegorye,62.0788,150.477,-12.21,81,100,0.63,RU,2022-02-08 05:19:44,overcast clouds
608,Adeje,28.1227,-16.726,67.08,38,52,3.24,ES,2022-02-08 05:19:45,broken clouds
609,Kolochava,48.4285,23.6959,17.94,96,74,4.72,UA,2022-02-08 05:19:45,broken clouds
610,Kecel,46.5253,19.2519,35.92,67,6,22.24,HU,2022-02-08 05:19:46,clear sky
611,Bilibino,68.0546,166.4372,-18.83,72,2,4.36,RU,2022-02-08 05:19:46,clear sky
612,Palafrugell,41.9174,3.1631,51.42,84,12,1.01,ES,2022-02-08 05:19:47,few clouds
613,Guiratinga,-16.3494,-53.7583,69.78,93,80,1.01,BR,2022-02-08 05:19:47,broken clouds
614,Taft,31.7471,54.2088,37.35,38,0,6.91,IR,2022-02-08 05:19:48,clear sky
615,Katherine,-14.4667,132.2667,93.52,52,0,3.44,AU,2022-02-08 05:19:48,clear sky
616,Ossora,59.2353,163.0719,10.67,92,100,8.37,RU,2022-02-08 05:19:49,overcast clouds
617,Muros,42.7762,-9.0603,50.23,86,7,6.11,ES,2022-02-08 05:19:49,clear sky
618,Novyy Urengoy,66.0833,76.6333,-8.64,95,100,12.55,RU,2022-02-08 05:18:07,overcast clouds
619,Luganville,-15.5333,167.1667,78.93,92,100,5.82,VU,2022-02-08 05:19:49,moderate rain
620,Eureka,40.8021,-124.1637,48.92,90,87,1.01,US,2022-02-08 05:15:26,overcast clouds
621,Lakes Entrance,-37.8811,147.981,78.57,66,87,11.07,AU,2022-02-08 05:18:36,overcast clouds
622,Fort Nelson,58.8053,-122.7002,2.79,85,100,6.91,CA,2022-02-08 05:19:50,light snow
623,Pabrade,55.0,25.7833,32.43,94,95,7.45,LT,2022-02-08 05:19:51,overcast clouds
624,Najran,17.4924,44.1277,52.45,32,13,2.15,SA,2022-02-08 05:19:51,few clouds
625,Novaya Igirma,57.1334,103.9112,7.12,87,100,5.5,RU,2022-02-08 05:19:52,overcast clouds
626,Porgera,-5.4667,143.2,52.7,92,100,2.06,PG,2022-02-08 05:19:52,light rain
627,Ust-Uda,54.1742,103.0304,14.04,81,100,7.65,RU,2022-02-08 05:19:53,overcast clouds
628,Kroonstad,-27.6504,27.2349,61.75,69,92,2.42,ZA,2022-02-08 05:19:53,overcast clouds
629,Esfarayen,37.0765,57.5101,24.46,43,18,2.44,IR,2022-02-08 05:19:53,few clouds
630,Sechura,-5.5569,-80.8222,72.41,74,100,9.48,PE,2022-02-08 05:19:54,overcast clouds
631,Adrar,20.5022,-10.0711,63.23,12,82,10.04,MR,2022-02-08 05:19:54,broken clouds
632,Hailun,47.45,126.9333,14.32,86,95,2.68,CN,2022-02-08 05:19:55,overcast clouds
633,Chapais,49.7834,-74.8492,10.18,95,98,7.67,CA,2022-02-08 05:19:55,overcast clouds
634,Santa Cruz Cabralia,-16.2781,-39.0247,79.03,89,75,4.61,BR,2022-02-08 05:17:05,broken clouds
635,Songjianghe,42.1859,127.479,24.44,57,15,5.88,CN,2022-02-08 05:19:56,few clouds
636,Swellendam,-34.0226,20.4417,64.78,68,1,1.81,ZA,2022-02-08 05:19:56,clear sky
637,Bekhtery,46.251,32.2927,39.0,90,100,5.5,UA,2022-02-08 05:19:57,overcast clouds
638,Alihe,50.5667,123.7167,18.19,51,18,2.28,CN,2022-02-08 05:20:57,few clouds
639,High Rock,26.6208,-78.2833,66.22,71,0,9.06,BS,2022-02-08 05:20:58,clear sky
640,Wairoa,-39.0333,177.3667,70.56,92,100,5.01,NZ,2022-02-08 05:20:58,overcast clouds
641,Newtownards,54.5924,-5.6909,48.52,87,20,11.5,GB,2022-02-08 05:20:58,few clouds
642,Kandalaksha,67.162,32.4123,14.22,98,99,1.9,RU,2022-02-08 05:20:59,overcast clouds
643,Kapit,2.0167,112.9333,88.54,63,98,0.58,MY,2022-02-08 05:20:59,overcast clouds
644,Marystown,47.1666,-55.1483,28.85,100,100,12.17,CA,2022-02-08 05:21:00,overcast clouds
645,Bogovarovo,58.9785,47.0246,5.68,99,86,5.88,RU,2022-02-08 05:21:00,overcast clouds
646,Oeiras,-7.0253,-42.1311,74.89,82,47,1.66,BR,2022-02-08 05:21:00,scattered clouds
647,Fremont,37.5483,-121.9886,59.97,60,0,3.44,US,2022-02-08 05:18:49,clear sky
648,Katobu,-4.9408,122.5276,86.07,66,73,4.47,ID,2022-02-08 05:21:01,heavy intensity rain
649,Skibbereen,51.55,-9.2667,53.11,92,85,19.84,IE,2022-02-08 05:21:02,overcast clouds
650,Kaeo,-35.1,173.7833,77.32,93,86,7.49,NZ,2022-02-08 05:21:02,overcast clouds
651,Redcliffe,-27.2307,153.0973,84.49,54,0,12.66,AU,2022-02-08 05:20:40,clear sky
652,Hirado,33.3597,129.5531,49.39,58,98,11.95,JP,2022-02-08 05:21:03,overcast clouds
653,Saint George,37.1041,-113.5841,52.36,37,0,3.0,US,2022-02-08 05:17:16,clear sky
654,Mubi,10.2676,13.2644,64.15,24,25,2.39,NG,2022-02-08 05:21:03,scattered clouds
655,Richards Bay,-28.783,32.0377,73.33,80,15,4.99,ZA,2022-02-08 05:17:02,few clouds
656,Phonhong,18.5007,102.4166,87.62,36,9,1.1,LA,2022-02-08 05:21:04,clear sky
657,Bonthe,7.5264,-12.505,75.52,93,76,5.5,SL,2022-02-08 05:21:04,broken clouds
658,Zeya,53.75,127.2667,8.04,68,17,2.04,RU,2022-02-08 05:21:05,few clouds
659,Padilla,3.2204,-76.3139,67.57,97,100,1.03,CO,2022-02-08 05:21:05,heavy intensity rain
660,Buriti Bravo,-5.8372,-43.8336,69.98,97,39,2.46,BR,2022-02-08 05:21:06,scattered clouds
661,Port Augusta,-32.5,137.7667,89.71,22,94,11.43,AU,2022-02-08 05:21:06,overcast clouds
662,Ilhabela,-23.7781,-45.3581,73.09,86,84,1.88,BR,2022-02-08 05:21:06,broken clouds
663,Muzhi,65.3667,64.6667,-8.25,100,100,5.32,RU,2022-02-08 05:21:07,overcast clouds
664,Arbagar,51.9438,116.2805,10.2,91,100,0.78,RU,2022-02-08 05:21:07,light snow
665,Dickinson,29.4608,-95.0513,52.95,53,0,9.22,US,2022-02-08 05:20:47,clear sky
666,Agara,42.0376,43.8238,21.65,83,17,2.51,GE,2022-02-08 05:21:08,few clouds
667,Labuhan,-6.8844,112.2051,85.28,70,47,9.35,ID,2022-02-08 05:21:08,scattered clouds
668,Vega De Alatorre,20.0333,-96.6333,59.31,90,99,24.52,MX,2022-02-08 05:21:09,overcast clouds
669,Poum,-20.2333,164.0167,81.81,86,100,26.51,NC,2022-02-08 05:21:09,overcast clouds
670,Sibu,2.3,111.8167,89.91,62,40,4.61,MY,2022-02-08 05:21:10,scattered clouds
671,Waddan,29.1614,16.139,51.35,41,98,6.04,LY,2022-02-08 05:21:10,overcast clouds
672,Kununurra,-15.7667,128.7333,94.98,52,100,3.44,AU,2022-02-08 05:21:10,overcast clouds
673,Miass,55.045,60.1083,5.36,92,90,2.82,RU,2022-02-08 05:21:11,overcast clouds
674,Vanimo,-2.6741,141.3028,84.31,72,100,4.56,PG,2022-02-08 05:21:11,overcast clouds
675,Corinto,37.9407,22.9573,53.64,70,72,16.96,GR,2022-02-08 05:21:12,broken clouds
676,Khudumelapye,-23.8833,24.75,67.33,54,4,5.26,BW,2022-02-08 05:21:12,clear sky
677,Sawtell,-30.3833,153.1,77.02,57,15,10.36,AU,2022-02-08 05:21:13,few clouds
678,Grand-Santi,4.25,-54.3833,71.31,100,67,2.19,GF,2022-02-08 05:21:13,broken clouds
679,Osakarovka,50.565,72.5692,10.76,97,90,5.14,KZ,2022-02-08 05:21:13,overcast clouds
680,Tashtagol,52.7657,87.8894,22.12,74,56,1.52,RU,2022-02-08 05:21:14,broken clouds
681,Belyy Yar,53.6039,91.3903,-4.11,84,57,0.0,RU,2022-02-08 05:21:15,mist
682,Tecpan,14.7623,-90.9947,51.12,97,58,3.87,GT,2022-02-08 05:21:15,broken clouds
683,Konya,38.1667,32.5,33.28,95,86,9.89,TR,2022-02-08 05:22:16,overcast clouds
684,Gajendragarh,15.7333,75.9833,79.56,43,42,1.72,IN,2022-02-08 05:22:16,scattered clouds
685,Ongandjera,-17.8833,15.0667,68.5,80,89,6.6,NA,2022-02-08 05:22:16,light rain
686,Masingbi,8.7833,-11.95,67.91,95,28,2.24,SL,2022-02-08 05:22:17,scattered clouds
687,Mirnyy,62.5353,113.9611,-12.77,76,100,7.0,RU,2022-02-08 05:22:17,overcast clouds
688,Ashqelon,31.6693,34.5715,55.4,62,30,6.38,IL,2022-02-08 05:22:18,scattered clouds
